<?xml version='1.0' encoding='ISO-8859-1'?>
<project>
  <id>jcl104-over-slf4j</id>
  <groupId>org.slf4j</groupId>
  <name>jcl104-over-slf4j</name>
  <currentVersion>@VERSION@</currentVersion> 
  <description>
    See http://www.slf4j.org/manual.html#gradual for details

    Please note that jcl104-over-slf4j requires a valid SLF4J
    binding. However, since the binding can vary according to your
    taste, the SLF4J requirement is NOT listed in this project file.

    Javadocs for the JCL over SLF4J are available at 
    http://www.slf4j.org/api/overview-summary.html

  </description>
</project>

